RFC,NOMBRE,Descripcion,Cont/grs,Costo
PRO840423SG8,PROPIMEX,Coca cola 2 litros retornable,2,26.72
PRO840423SG8,PROPIMEX,Coca cola light 600 ml,0.6,17.24
PRO840423SG8,PROPIMEX,Coca cola  600 ml 20,0.6,17.24
PRO840423SG8,PROPIMEX,Coca Cola zero 600 ml,,13.89
PRO840423SG8,PROPIMEX,Coca lata 355 ml,0.355,17.24
PRO840423SG8,PROPIMEX,Coca oreo lata 355 ml,0.355,17.24
PRO840423SG8,PROPIMEX,Coca ligh lata 355 ml,0.355,17.24
PRO840423SG8,PROPIMEX,Coca 400 ml  14,0.4,12.93
PRO840423SG8,PROPIMEX,Coca de 250 ml 11,0.25,10.34
PRO840423SG8,PROPIMEX,Coca cola vidrio 500 ml 14,0.5,12.93
PRO840423SG8,PROPIMEX,Ameyal 3 litros,3,33.62
PRO840423SG8,PROPIMEX,Fresca 3 litros,3,33.62
PRO840423SG8,PROPIMEX,Fresca 2 litros,2,23.28
PRO840423SG8,PROPIMEX,Coca 1 litro desechable,1,26.72
PRO840423SG8,PROPIMEX,Powerade 1 litro,1,26.72
PRO840423SG8,PROPIMEX,Coca 3 litros retornable,3,33.62
PRO840423SG8,PROPIMEX,Fresca 600 ml,0.6,16.38
PRO840423SG8,PROPIMEX,Sprite 3 litro,3,33.62
PRO840423SG8,PROPIMEX,Sprite 600 ml,0.6,16.37
PRO840423SG8,PROPIMEX,Sprite 2 litros,2,23.28
PRO840423SG8,PROPIMEX,Monster 473 ml,0.473,32.76
PRO840423SG8,PROPIMEX,Predator 473 ml,0.473,16.38
PRO840423SG8,PROPIMEX,Mundet fresa 3 Litros,3,33.62
PRO840423SG8,PROPIMEX,Mundet 3 litros,3,33.62
PRO840423SG8,PROPIMEX,Mundet 2 litros ,2,25
PRO840423SG8,PROPIMEX,Mundet mandarina 2 L,2,23.28
PRO840423SG8,PROPIMEX,Ameyal 2 litros,2,21.56
PRO840423SG8,PROPIMEX,Mundet 600 ml,0.6,16.38
PRO840423SG8,PROPIMEX,Mundet 600 ml 18,,15.52
PRO840423SG8,PROPIMEX,Fanta 3 litros,3,33.62
PRO840423SG8,PROPIMEX,Fanta 2 litros,2,21.55
PRO840423SG8,PROPIMEX,Coca 1.750 LITROS,1.75,31.03
PRO840423SG8,PROPIMEX,Coca vidrio 1.25 RET LITROS,1.25,24.14
PRO840423SG8,PROPIMEX,Sidral 2 litros,2,25
PRO840423SG8,PROPIMEX,Coca 3 litros desechable 43,3,37.07
PRO840423SG8,PROPIMEX,COCA 3 LITROS 45,3,38.79
PRO840423SG8,PROPIMEX,COCA 3 LITROS 47,3,40.52
PRO840423SG8,PROPIMEX,Coca cola 2.25 Litros nr,2.25,31.9
PRO840423SG8,PROPIMEX,Ameyal 600 ml,0.6,16.38
PRO840423SG8,PROPIMEX,Delaware 600 ml,0.6,16.38
PRO840423SG8,PROPIMEX,Delaware 2 litros,2,23.28
PRO840423SG8,PROPIMEX,Yoli 2 Litros,2,23.28
PRO840423SG8,PROPIMEX,Yoli 600 ml,0.6,16.38
PRO840423SG8,PROPIMEX,Fanta 600 ml,0.6,16.38
PRO840423SG8,PROPIMEX,Suerox 630 ml,0.63,18.96
PRO840423SG8,PROPIMEX,Amper 473 ml,0.473,15.52
PRO840423SG8,PROPIMEX,Arizona 460 ml,0.46,14.65
PRO840423SG8,PROPIMEX,Arizona 680 ml,0.68,17.24
PRO840423SG8,PROPIMEX,Agua ciel limón 1 litro,1,14.65
PRO840423SG8,PROPIMEX,Fanta lata 355 ml,0.355,14.65
PRO840423SG8,PROPIMEX,Sensao 600 ml,0.6,16.38
PRO840423SG8,PROPIMEX,ciel mineral 600 ml,0.6,14.66
PRO840423SG8,PROPIMEX,Coca 2 litros desechable,2,33.62
PRO840423SG8,PROPIMEX,,,0
PRO840423SG8,PROPIMEX,Valle frut 3 litros,3,39
PRO840423SG8,PROPIMEX,Valle frut 2 litros,2,28
PRO840423SG8,PROPIMEX,Valle frut 600 ml,0.6,19
PRO840423SG8,PROPIMEX,Valle lata 413 ml,0.413,20
PRO840423SG8,PROPIMEX,Jugo del valle botella 413 ml,0.413,20
PRO840423SG8,PROPIMEX,Jugo del valle 1 litro,1,30
PRO840423SG8,PROPIMEX,Jugo de valle 473 ml,0.73,17
PRO840423SG8,PROPIMEX,Jugo de valle 250 ml,0.25,13
XAXX010101000,PUBLICO EN GENERAL,Electrolit 625 ml,0.625,23
XAXX010101000,PUBLICO EN GENERAL,Boing 500 ml,0.5,16
PRO840423SG8,PROPIMEX,Arandano 1 litro,1,31
XAXX010101000,PUBLICO EN GENERAL,Gatorate de 1 litro,1,27.59
EAM9412149L9,EMBOTELLADORA AGA DE MEXICO,Squirt 2 litro,2,23.28
EAM9412149L9,EMBOTELLADORA AGA DE MEXICO,Red cola 3 litros,3,27.59
EAM9412149L9,EMBOTELLADORA AGA DE MEXICO,Red cola 600 ml,0.6,12.07
EAM9412149L9,EMBOTELLADORA AGA DE MEXICO,Red cola 2 L,2,20.69
XAXX010101000,PUBLICO EN GENERAL,Pepsi 1.50 litros,1.5,19.82
XAXX010101000,PUBLICO EN GENERAL,Mirinda 600 ml,0.6,11.21
XAXX010101000,PUBLICO EN GENERAL,Seven up 600 ml,0.6,12.07
EAM9412149L9,EMBOTELLADORA AGA DE MEXICO,Jarrito 2 litros ,2,19.83
XAXX010101000,PUBLICO EN GENERAL,Peñafiel limón 600 ml,0.6,14.65
XAXX010101000,PUBLICO EN GENERAL,Pepsi 355 ml ,0.355,8.62
XAXX010101000,PUBLICO EN GENERAL,Pepsi 600 ml ,0.6,12.07
XAXX010101000,PUBLICO EN GENERAL,Pepsi 600 Black ml ,0.6,12.07
XAXX010101000,PUBLICO EN GENERAL,Pepsi kick 600 ml ,0.6,12.07
XAXX010101000,PUBLICO EN GENERAL,Pepsi 3 litros,3,29.31
EAM9412149L9,EMBOTELLADORA AGA DE MEXICO,Jarritos 600 ml,0.6,11.21
XAXX010101000,PUBLICO EN GENERAL,Peñafiel 2 litros,2,23.27
XAXX010101000,PUBLICO EN GENERAL,Peñafiel limonada 600 ml,0.6,16.38
EAM9412149L9,EMBOTELLADORA AGA DE MEXICO,Squirt 600 ml,0.6,13.79
PRO840423SG8,PROPIMEX,Agua ciel 1 litro,1,13
PRO840423SG8,PROPIMEX,Agua ciel 5 litros,5,37
PRO840423SG8,PROPIMEX,Agua ciel 10 litros,10,47
XAXX010101000,PUBLICO EN GENERAL,Agua Epura 1 litro,1,13
XAXX010101000,PUBLICO EN GENERAL,Agua Epura 1.50 litros,1.5,16
XAXX010101000,PUBLICO EN GENERAL,Agua Epura 2 litos,2,20
XAXX010101000,PUBLICO EN GENERAL,Agua Epura 5 litros,5,37
XAXX010101000,PUBLICO EN GENERAL,Agua Epura 10 litros,10,47
XAXX010101000,PUBLICO EN GENERAL,Bonafont sabor 1.50 L,1.5,20
PRO840423SG8,PROPIMEX,Agua ciel 600 ml,0.6,10
PRO840423SG8,PROPIMEX,Agua ciel 1.50 litros,1.5,16
PRO840423SG8,PROPIMEX,Agua ciel 2 litros,2,20
EAM9412149L9,EMBOTELLADORA AGA DE MEXICO,Agua Skarch 1 litro,1,10
EAM9412149L9,EMBOTELLADORA AGA DE MEXICO,Agua Skarch 10 litros,10,38
EAM9412149L9,EMBOTELLADORA AGA DE MEXICO,Agua Skarch 1.5 litros,1.5,12
RFC,NOMBRE ,Descripción,Cont/grs,Costo
CPM110719SG3,COMERCIALIZADORA PEPSICO MEXICO,Marias 170 grs,170,17.59
CPM110719SG3,COMERCIALIZADORA PEPSICO MEXICO,Marias 177 grs,177,16.67
CPM110719SG3,COMERCIALIZADORA PEPSICO MEXICO,Marias azucaradas 144 grs,144,18.52
CPM110719SG3,COMERCIALIZADORA PEPSICO MEXICO,Ricanelas 138 grs,138,16.67
CPM110719SG3,COMERCIALIZADORA PEPSICO MEXICO,Emperador  chocolate 109 grs,109,16.67
CPM110719SG3,COMERCIALIZADORA PEPSICO MEXICO,Chokis clasica 76 grs,76,16.67
CPM110719SG3,COMERCIALIZADORA PEPSICO MEXICO,Chokis clasica 73 grs,73,16.67
CPM110719SG3,COMERCIALIZADORA PEPSICO MEXICO,Chokis 139 grs,139,16.67
CPM110719SG3,COMERCIALIZADORA PEPSICO MEXICO,Chokis chocolate 84 grs,84,16.67
CPM110719SG3,COMERCIALIZADORA PEPSICO MEXICO,Arcoiris 76 grs,76,16.67
CPM110719SG3,COMERCIALIZADORA PEPSICO MEXICO,Arcoiris 75 grs,75,16.67
CPM110719SG3,COMERCIALIZADORA PEPSICO MEXICO,Arcoiris 94 grs,94,16.67
CPM110719SG3,COMERCIALIZADORA PEPSICO MEXICO,Chokis rellena 90 grs,90,16.67
CPM110719SG3,COMERCIALIZADORA PEPSICO MEXICO,Emperador senzo 93 grs,93,16.67
CPM110719SG3,COMERCIALIZADORA PEPSICO MEXICO,Emperador senzo 117 grs,117,16.67
CPM110719SG3,COMERCIALIZADORA PEPSICO MEXICO,Emperador limón 115 grs,115,16.67
CPM110719SG3,COMERCIALIZADORA PEPSICO MEXICO,Emperador nuez 109 grs,109,16.67
CPM110719SG3,COMERCIALIZADORA PEPSICO MEXICO,Emperador vainilla 115 grs,115,16.67
CPM110719SG3,COMERCIALIZADORA PEPSICO MEXICO,Emperador combinadas 91 GRS,91,16.67
CPM110719SG3,COMERCIALIZADORA PEPSICO MEXICO,Emperador gamesa 109 grs,109,16.67
CPM110719SG3,COMERCIALIZADORA PEPSICO MEXICO,Florentinas fresa 110 grs,110,16.67
CPM110719SG3,COMERCIALIZADORA PEPSICO MEXICO,Florentinas cajeta 83 grs,83,16.67
CPM110719SG3,COMERCIALIZADORA PEPSICO MEXICO,Delicias 138 grs,138,16.67
CPM110719SG3,COMERCIALIZADORA PEPSICO MEXICO,Delicias 153 grs,153,16.67
CPM110719SG3,COMERCIALIZADORA PEPSICO MEXICO,Paketon emperador 211 grs,211,29.63
CPM110719SG3,COMERCIALIZADORA PEPSICO MEXICO,Cremax gamesa 113 grs,113,16.67
CPM110719SG3,COMERCIALIZADORA PEPSICO MEXICO,Barras de coco 117 grs,117,16.67
CPM110719SG3,COMERCIALIZADORA PEPSICO MEXICO,Fruts Gamesa 130 grs,130,20.37
CPM110719SG3,COMERCIALIZADORA PEPSICO MEXICO,Galletas doradas Gamesa 199 grs,199,27.78
CPM110719SG3,COMERCIALIZADORA PEPSICO MEXICO,Crackets 139 grs,130,18
CPM110719SG3,COMERCIALIZADORA PEPSICO MEXICO,Crackets 95 grs,95,14
CPM110719SG3,COMERCIALIZADORA PEPSICO MEXICO,Bombitos gamesa 117 grs,117,15
CPM110719SG3,COMERCIALIZADORA PEPSICO MEXICO,Chicharrón de cerdo 30 grs,30,18
CPM110719SG3,COMERCIALIZADORA PEPSICO MEXICO,Cheetos bolita 46 grs,46,13.89
CPM110719SG3,COMERCIALIZADORA PEPSICO MEXICO,Cheetos bolita 42 grs,42,13.89
CPM110719SG3,COMERCIALIZADORA PEPSICO MEXICO,Cheetos switch 70 grs,70,18.52
CPM110719SG3,COMERCIALIZADORA PEPSICO MEXICO,Sabritas limón 42 grs,42,16.67
CPM110719SG3,COMERCIALIZADORA PEPSICO MEXICO,Sabritas limón 46 grs,46,16.67
CPM110719SG3,COMERCIALIZADORA PEPSICO MEXICO,Sabritas limón 55 grs,55,16.67
CPM110719SG3,COMERCIALIZADORA PEPSICO MEXICO,Sabritas limón 60 grs,60,16.67
CPM110719SG3,COMERCIALIZADORA PEPSICO MEXICO,Rufles jalapeño 48 grs,48,16.67
CPM110719SG3,COMERCIALIZADORA PEPSICO MEXICO,Ruffles fuego 72 grs,72,16.67
CPM110719SG3,COMERCIALIZADORA PEPSICO MEXICO,Ruffles Max 55 grs,55,18.52
CPM110719SG3,COMERCIALIZADORA PEPSICO MEXICO,Ruffles mix 70 grs,70,18.52
CPM110719SG3,COMERCIALIZADORA PEPSICO MEXICO,Ruffles salsa roja 48 grs,48,16.67
CPM110719SG3,COMERCIALIZADORA PEPSICO MEXICO,Ruffles flamin hot 48 grs,48,16.67
CPM110719SG3,COMERCIALIZADORA PEPSICO MEXICO,Ruffles salsa brava 48 grs,48,16.67
CPM110719SG3,COMERCIALIZADORA PEPSICO MEXICO,Ruffles salsa negra 48 grs,48,13.89
CPM110719SG3,COMERCIALIZADORA PEPSICO MEXICO,Ruffles crujientes 45 grs,45,16.67
CPM110719SG3,COMERCIALIZADORA PEPSICO MEXICO,Ruffles sal 48 grs,48,16.67
CPM110719SG3,COMERCIALIZADORA PEPSICO MEXICO,Ruffles sal 52 grs,52,16.67
CPM110719SG3,COMERCIALIZADORA PEPSICO MEXICO,Ruffles mega crunch 42 grs,42,13.89
CPM110719SG3,COMERCIALIZADORA PEPSICO MEXICO,Doritos incognita 61 grs,61,16.67
CPM110719SG3,COMERCIALIZADORA PEPSICO MEXICO,Doritos incognita 64 grs,64,16.67
CPM110719SG3,COMERCIALIZADORA PEPSICO MEXICO,Doritos 3D 56 grs,56,16.67
CPM110719SG3,COMERCIALIZADORA PEPSICO MEXICO,Doritos mix 90 grs,90,18.52
CPM110719SG3,COMERCIALIZADORA PEPSICO MEXICO,Tostitos salsa verde 62 grs,62,16.67
CPM110719SG3,COMERCIALIZADORA PEPSICO MEXICO,Bolsaza Doritos nachos 105 grs,105,23.15
CPM110719SG3,COMERCIALIZADORA PEPSICO MEXICO,Bolsaza Doritos Dinamita 105 grs,105,23.15
CPM110719SG3,COMERCIALIZADORA PEPSICO MEXICO,Bolsaza Doritos Dinamita 125 grs,125,23.15
CPM110719SG3,COMERCIALIZADORA PEPSICO MEXICO,Bolsaza Doritos flamin Hot 120 grs,120,23.15
CPM110719SG3,COMERCIALIZADORA PEPSICO MEXICO,Rufles original 48 grs,48,16.67
CPM110719SG3,COMERCIALIZADORA PEPSICO MEXICO,Sabritas flaminhot 45 grs,45,16.67
CPM110719SG3,COMERCIALIZADORA PEPSICO MEXICO,Sabritas flaminhot 48 grs,48,16.67
CPM110719SG3,COMERCIALIZADORA PEPSICO MEXICO,Sabritas flaminhot 51 grs,51,18.52
CPM110719SG3,COMERCIALIZADORA PEPSICO MEXICO,Cheetos flamin hot 42 grs,42,12.96
CPM110719SG3,COMERCIALIZADORA PEPSICO MEXICO,Cheetos palomitas 29 grs,29,13.89
CPM110719SG3,COMERCIALIZADORA PEPSICO MEXICO,Cheetos poffss 44 grs,44,13.89
CPM110719SG3,COMERCIALIZADORA PEPSICO MEXICO,Cheetos nacho 58 grs,58,13.89
CPM110719SG3,COMERCIALIZADORA PEPSICO MEXICO,Cheetos jalapeños 58 grs,58,12.96
CPM110719SG3,COMERCIALIZADORA PEPSICO MEXICO,Cheetos comillos 27 grs,27,12.96
CPM110719SG3,COMERCIALIZADORA PEPSICO MEXICO,Cheetos ruleta 80 grs,80,18.52
CPM110719SG3,COMERCIALIZADORA PEPSICO MEXICO,Cheetos mix 82 grs,82,18.52
CPM110719SG3,COMERCIALIZADORA PEPSICO MEXICO,Cheetos mix 90 grs,90,23.15
CPM110719SG3,COMERCIALIZADORA PEPSICO MEXICO,Cheetos mix 41 grs,41,18.52
CPM110719SG3,COMERCIALIZADORA PEPSICO MEXICO,Cheetos Flamin hot 52 grs,52,12.96
CPM110719SG3,COMERCIALIZADORA PEPSICO MEXICO,Cheetos Flamin hot 58 grs ,58,13.89
CPM110719SG3,COMERCIALIZADORA PEPSICO MEXICO,Cheetos flamin hot 58 grs,58,12.96
CPM110719SG3,COMERCIALIZADORA PEPSICO MEXICO,Doritos pizzerolas 58 grs,58,16.67
CPM110719SG3,COMERCIALIZADORA PEPSICO MEXICO,Doritos dinamita 70 grs,70,16.67
CPM110719SG3,COMERCIALIZADORA PEPSICO MEXICO,Doritos nachos 61 grs,61,16.67
CPM110719SG3,COMERCIALIZADORA PEPSICO MEXICO,Doritos a la diabla 61 grs,61,16.67
CPM110719SG3,COMERCIALIZADORA PEPSICO MEXICO,Doritos dinamita  flamin hot 220 grs,220,35.16
CPM110719SG3,COMERCIALIZADORA PEPSICO MEXICO,Doritos nachos 200 grs,200,51.85
CPM110719SG3,COMERCIALIZADORA PEPSICO MEXICO,Doritos nachos 245 grs,245,51.85
CPM110719SG3,COMERCIALIZADORA PEPSICO MEXICO,Fritos sal 70 grs,70,14.81
CPM110719SG3,COMERCIALIZADORA PEPSICO MEXICO,Fritos sal 42 grs,42,13.89
CPM110719SG3,COMERCIALIZADORA PEPSICO MEXICO,Fritos chile y limón 60 grs,60,14.81
CPM110719SG3,COMERCIALIZADORA PEPSICO MEXICO,Fritos chile y limón 70 grs,70,14.81
CPM110719SG3,COMERCIALIZADORA PEPSICO MEXICO,Fritos flamin hot 60 grs,60,14.81
CPM110719SG3,COMERCIALIZADORA PEPSICO MEXICO,Paketaxo botanero 81 grs,81,18.52
CPM110719SG3,COMERCIALIZADORA PEPSICO MEXICO,Paketaxo mezcladito 81 grs,81,18.52
CPM110719SG3,COMERCIALIZADORA PEPSICO MEXICO,Paketaxo queso     81 grs,81,18.52
CPM110719SG3,COMERCIALIZADORA PEPSICO MEXICO,Paketaxo queso 65 grs,65,18.52
CPM110719SG3,COMERCIALIZADORA PEPSICO MEXICO,Paketaxo botanero 208 grs,208,51.85
CPM110719SG3,COMERCIALIZADORA PEPSICO MEXICO,Paketaxo botanero 255 grs,255,46.3
CPM110719SG3,COMERCIALIZADORA PEPSICO MEXICO,Paketaxo 208 grs,208,46.3
CPM110719SG3,COMERCIALIZADORA PEPSICO MEXICO,Churrumais limón y chile70 grs,70,13.89
CPM110719SG3,COMERCIALIZADORA PEPSICO MEXICO,Churrumais flamas 70 grs,70,12.96
CPM110719SG3,COMERCIALIZADORA PEPSICO MEXICO,Sabritas sal 46 grs,46,16.67
CPM110719SG3,COMERCIALIZADORA PEPSICO MEXICO,Sabritas sal 42 grs,42,16.67
CPM110719SG3,COMERCIALIZADORA PEPSICO MEXICO,Sabritas jalapeño 42 grs,42,16.67
CPM110719SG3,COMERCIALIZADORA PEPSICO MEXICO,Sabritas crema esp. 42 grs,42,16.67
CPM110719SG3,COMERCIALIZADORA PEPSICO MEXICO,Sabritas crema esp. 44 grs,44,16.67
CPM110719SG3,COMERCIALIZADORA PEPSICO MEXICO,Sabritas adobadas 45 grs,45,16.67
CPM110719SG3,COMERCIALIZADORA PEPSICO MEXICO,Sabritas adobadas 48 grs,48,16.67
CPM110719SG3,COMERCIALIZADORA PEPSICO MEXICO,Sabritas adobadas 58 grs,58,16.67
CPM110719SG3,COMERCIALIZADORA PEPSICO MEXICO,Sabritas habanero 48 grs,48,18.52
CPM110719SG3,COMERCIALIZADORA PEPSICO MEXICO,Sabritas habanero 45 grs,45,16.67
CPM110719SG3,COMERCIALIZADORA PEPSICO MEXICO,Sabritas sal 171 grs,171,51.85
CPM110719SG3,COMERCIALIZADORA PEPSICO MEXICO,Sabritas Receta crujiente 57 grs,57,18.51
CPM110719SG3,COMERCIALIZADORA PEPSICO MEXICO,Sabritas Receta crujiente 160 grs,160,16.67
CPM110719SG3,COMERCIALIZADORA PEPSICO MEXICO,Sabritas Receta crujiente 42 grs,42,18.52
CPM110719SG3,COMERCIALIZADORA PEPSICO MEXICO,Rancheritos 58 grs,58,14.81
CPM110719SG3,COMERCIALIZADORA PEPSICO MEXICO,Rancheritos 115 grs,115,
CPM110719SG3,COMERCIALIZADORA PEPSICO MEXICO,Bolsaza cheetos flamin hot 115 grs,115,23.15
CPM110719SG3,COMERCIALIZADORA PEPSICO MEXICO,Bolsaza sabritas sal 74 grs,74,23.15
CPM110719SG3,COMERCIALIZADORA PEPSICO MEXICO,Bolsaza sabritas sal 78 grs,78,23.15
CPM110719SG3,COMERCIALIZADORA PEPSICO MEXICO,Bolsaza sabritas sal 92 grs,92,23.15
CPM110719SG3,COMERCIALIZADORA PEPSICO MEXICO,Bolsaza sabritas sal 120 grs,120,23.15
CPM110719SG3,COMERCIALIZADORA PEPSICO MEXICO,Bolsaza sabritas flamin hot 120 grs,120,23.15
CPM110719SG3,COMERCIALIZADORA PEPSICO MEXICO,Bolsaza sabritas flamin hot 115 grs,115,23.15
CPM110719SG3,COMERCIALIZADORA PEPSICO MEXICO,Bolsaza sabritas crujientes 81 grs,81,23.15
CPM110719SG3,COMERCIALIZADORA PEPSICO MEXICO,Bolsaza sabritas flamin hot 75 grs,75,23.15
CPM110719SG3,COMERCIALIZADORA PEPSICO MEXICO,Bolsaza sabritas flamin hot 81 grs,81,23.15
CPM110719SG3,COMERCIALIZADORA PEPSICO MEXICO,Bolsaza ruffles 66 grs,66,23.15
CPM110719SG3,COMERCIALIZADORA PEPSICO MEXICO,Bolsaza ruffles  queso 81 grs,81,23.15
CPM110719SG3,COMERCIALIZADORA PEPSICO MEXICO,Bolsaza ruffles queso 86 grs,86,23.15
CPM110719SG3,COMERCIALIZADORA PEPSICO MEXICO,Bolsaza ruffles queso 88 grs,88,23.15
CPM110719SG3,COMERCIALIZADORA PEPSICO MEXICO,Bolsaza ruffles queso 92 grs,92,23.15
CPM110719SG3,COMERCIALIZADORA PEPSICO MEXICO,Bolsaza Ruffles 92 grs,92,23.15
CPM110719SG3,COMERCIALIZADORA PEPSICO MEXICO,Bolsaza tostitos salsa verde 120 grs,120,23.15
CPM110719SG3,COMERCIALIZADORA PEPSICO MEXICO,Bolsaza tostitos flamin hot 62 grs,62,16.67
CPM110719SG3,COMERCIALIZADORA PEPSICO MEXICO,Bolsaza tostitos flamin hot 72 grs,72,23.15
CPM110719SG3,COMERCIALIZADORA PEPSICO MEXICO,Bolsaza tostitos flamin hot 78 grs,78,23.15
CPM110719SG3,COMERCIALIZADORA PEPSICO MEXICO,Bolsaza cheetos flamin hot 60 grs,60,23.15
CPM110719SG3,COMERCIALIZADORA PEPSICO MEXICO,Bolsaza cheetos flamin hot 70 grs,70,23.15
CPM110719SG3,COMERCIALIZADORA PEPSICO MEXICO,Bolsaza tostitos flamin hot 120 grs,120,23.15
CPM110719SG3,COMERCIALIZADORA PEPSICO MEXICO,Bolsaza cheetos torciditos 120 grs,120,23.15
CPM110719SG3,COMERCIALIZADORA PEPSICO MEXICO,Cacahuate karate 110 grs,110,16.67
CPM110719SG3,COMERCIALIZADORA PEPSICO MEXICO,Cacahuate Kacang 67 grs,67,12.03
CPM110719SG3,COMERCIALIZADORA PEPSICO MEXICO,Cacahuates Kacang 77 grs,77,16.67
CPM110719SG3,COMERCIALIZADORA PEPSICO MEXICO,Cacahuates kacang enchilados 110 grs,110,13.89
CPM110719SG3,COMERCIALIZADORA PEPSICO MEXICO,Cacahuates Kacang 140 grs,140,20.37
CPM110719SG3,COMERCIALIZADORA PEPSICO MEXICO,Cacahuates flamin hot 67 grs,67,13.89
CPM110719SG3,COMERCIALIZADORA PEPSICO MEXICO,Karate mix 90 grs,90,13.89
CPM110719SG3,COMERCIALIZADORA PEPSICO MEXICO,Fritos chorizo 70 grs,70,14.81
CPM110719SG3,COMERCIALIZADORA PEPSICO MEXICO,Cheetos torciditos 58 grs,58,13.89
CPM110719SG3,COMERCIALIZADORA PEPSICO MEXICO,Cheetos torciditos 55 grs,55,12.96
CPM110719SG3,COMERCIALIZADORA PEPSICO MEXICO,Cheetos torciditos 240 grs,240,51.85
CPM110719SG3,COMERCIALIZADORA PEPSICO MEXICO,Cheetos queso 47 grs,47,16.67
CPM110719SG3,COMERCIALIZADORA PEPSICO MEXICO,Cheetos colmillo 27 grs,27,13.89
CPM110719SG3,COMERCIALIZADORA PEPSICO MEXICO,Ruffles queso 62 grs,62,16.67
CPM110719SG3,COMERCIALIZADORA PEPSICO MEXICO,Ruffles queso 52 grs,52,16.67
CPM110719SG3,COMERCIALIZADORA PEPSICO MEXICO,Ruffles queso 48 grs,48,16.67
CPM110719SG3,COMERCIALIZADORA PEPSICO MEXICO,Ruffles Botanero 200 grs,200,51.85
CPM110719SG3,COMERCIALIZADORA PEPSICO MEXICO,Doritos flamin hot 70 grs,70,16.67
CPM110719SG3,COMERCIALIZADORA PEPSICO MEXICO,Doritos flamin hot 61 grs,61,16.67
CPM110719SG3,COMERCIALIZADORA PEPSICO MEXICO,Crujitos 45 grs,45,13.89
CPM110719SG3,COMERCIALIZADORA PEPSICO MEXICO,Crujitos 60 grs,60,13.89
CPM110719SG3,COMERCIALIZADORA PEPSICO MEXICO,Cacahuates katana 110 grs,110,15.74
CPM110719SG3,COMERCIALIZADORA PEPSICO MEXICO,Cacahuates katana 65 grs,65,13.89
CPM110719SG3,COMERCIALIZADORA PEPSICO MEXICO,Manchate 110 grs,110,16.67
SCG820209HP4,SERVICIO COMERCIAL GARIS,Sopa moderna,,10
SCG820209HP4,SERVICIO COMERCIAL GARIS,Bolsa de sal,,19
SCG820209HP4,SERVICIO COMERCIAL GARIS,Frijoles lata 630 grs,630,20
SCG820209HP4,SERVICIO COMERCIAL GARIS,Frijoles lata 580 grs,580,20
SCG820209HP4,SERVICIO COMERCIAL GARIS,Frijoles lata 430 grs,430,20
SCG820209HP4,SERVICIO COMERCIAL GARIS,Atún Dolores de aceite 136 grs,136,23
SCG820209HP4,SERVICIO COMERCIAL GARIS,Atún agua 133 grs,133,23
SCG820209HP4,SERVICIO COMERCIAL GARIS,Atún herdez 133 grs,133,23
SCG820209HP4,SERVICIO COMERCIAL GARIS,Salsa valentina 370 GRS,370,18
SCG820209HP4,SERVICIO COMERCIAL GARIS,Catsup 340 ml,340,21
SCG820209HP4,SERVICIO COMERCIAL GARIS,Huevo 88,,88
SCG820209HP4,SERVICIO COMERCIAL GARIS,Huevo 56,,56
SCG820209HP4,SERVICIO COMERCIAL GARIS,Huevo 58,,56
SCG820209HP4,SERVICIO COMERCIAL GARIS,Huevo 52,,52
SCG820209HP4,SERVICIO COMERCIAL GARIS,Huevo 50,,50
SCG820209HP4,SERVICIO COMERCIAL GARIS,Huevo 45,,45
SCG820209HP4,SERVICIO COMERCIAL GARIS,Huevo 40,,40
SCG820209HP4,SERVICIO COMERCIAL GARIS,Huevo 20,,20
SCG820209HP4,SERVICIO COMERCIAL GARIS,Huevo 39,,39
SCG820209HP4,SERVICIO COMERCIAL GARIS,Huevo 30,,30
SCG820209HP4,SERVICIO COMERCIAL GARIS,Huevo 25,,25
SCG820209HP4,SERVICIO COMERCIAL GARIS,Maruchan 64 grs,64,17
SCG820209HP4,SERVICIO COMERCIAL GARIS,Azúcar 1 kg,1,32
SCG820209HP4,SERVICIO COMERCIAL GARIS,Leche deslactosada,1,33
SCG820209HP4,SERVICIO COMERCIAL GARIS,Nutrileche,1,20
SCG820209HP4,SERVICIO COMERCIAL GARIS,Leche santa clara 1 litro,1,32
SCG820209HP4,SERVICIO COMERCIAL GARIS,Lechera nestle 375 ml,375,28
SCG820209HP4,SERVICIO COMERCIAL GARIS,Lechera nestle 284 ml,284,28
SCG820209HP4,SERVICIO COMERCIAL GARIS,Aceite 1 litro,1,47
SCG820209HP4,SERVICIO COMERCIAL GARIS,lata de elotes 410 grs,410,20
SCG820209HP4,SERVICIO COMERCIAL GARIS,Lata de vegetales 400 grs,400,19
SCG820209HP4,SERVICIO COMERCIAL GARIS,Mermelada fresa 270 grs,270,28
SCG820209HP4,SERVICIO COMERCIAL GARIS,Mayonesa 105 grs,105,21
SCG820209HP4,SERVICIO COMERCIAL GARIS,Mayonesa 190 grs,190,30
SCG820209HP4,SERVICIO COMERCIAL GARIS,Frijol isadora 430 grs,430,18
SCG820209HP4,SERVICIO COMERCIAL GARIS,Bolsa de frijoles la sierra  430 grs,430,19
SCG820209HP4,SERVICIO COMERCIAL GARIS,Leche clavel,339,26
SCG820209HP4,SERVICIO COMERCIAL GARIS,Chipotles 215 grs,215,28
SCG820209HP4,SERVICIO COMERCIAL GARIS,Chipotles chicos 58 grs,58,15
SCG820209HP4,SERVICIO COMERCIAL GARIS,Lata jalapeños 220 grs,220,15
SCG820209HP4,SERVICIO COMERCIAL GARIS,lata de rajas costeña 220 grs,220,17
SCG820209HP4,SERVICIO COMERCIAL GARIS,lata de rajas costeña 58 grs,58,9
SCG820209HP4,SERVICIO COMERCIAL GARIS,Tostadas carioca 300 grs,300,37
SCG820209HP4,SERVICIO COMERCIAL GARIS,Paquete papel higienico 4 rollos,1,25.86
SCG820209HP4,SERVICIO COMERCIAL GARIS,Clorox 1 litro,1,15.52
SCG820209HP4,SERVICIO COMERCIAL GARIS,Fabuloso 1 litro,1,29.31
SCG820209HP4,SERVICIO COMERCIAL GARIS,Pinol 1 litro,1,24.14
SCG820209HP4,SERVICIO COMERCIAL GARIS,Roma 500 grs,500,21.55
SCG820209HP4,SERVICIO COMERCIAL GARIS,Roma 250 grs,250,9.48
SCG820209HP4,SERVICIO COMERCIAL GARIS,Servilletas petalo 125 grs,125,15.52
SCG820209HP4,SERVICIO COMERCIAL GARIS,Zote 400 grs,400,22.41
SCG820209HP4,SERVICIO COMERCIAL GARIS,Zest  135 grs,135,14.65
SCG820209HP4,SERVICIO COMERCIAL GARIS,Suavitel 1 litro,1,29.31
SCG820209HP4,SERVICIO COMERCIAL GARIS,Suavitel 700 ml,700,29.31
SCG820209HP4,SERVICIO COMERCIAL GARIS,Veladora farolito,,24.13
BIM011108DJ5,BIMBO,Pan molido 210 grs,210,28
BIM011108DJ5,BIMBO,Pan tostado 210 grs,210,33
BIM011108DJ5,BIMBO,Pan tostado integral 250 grs,250,35
BIM011108DJ5,BIMBO,Bimbo integral 675  grs,675,50
BIM011108DJ5,BIMBO,Bimbo integral 620  grs,620,50
BIM011108DJ5,BIMBO,Bimbo integral chico 370  grs,370,37
BIM011108DJ5,BIMBO,Tortillinas 561 grs,561,38
BIM011108DJ5,BIMBO,Tortillinas 306 grs,306,25
BIM011108DJ5,BIMBO,Tortillinas 220 grs,220,20
BIM011108DJ5,BIMBO,Tortillas del Hogar 300 grs,300,15
BIM011108DJ5,BIMBO,Bimbo blanco 675 grs,675,47
BIM011108DJ5,BIMBO,Medias noches Bimbo 340 grs,340,44
BIM011108DJ5,BIMBO,Bimbo blanco chico 300 grs,300,25
BIM011108DJ5,BIMBO,Bimbo blanco chico 360 grs,360,36
BIM011108DJ5,BIMBO,Bimbo blanco 620 grs,620,47
BIM011108DJ5,BIMBO,Sanisima salmas tostadas,90,31
BIM011108DJ5,BIMBO,Leche nito 236 ml,236,14
BIM011108DJ5,BIMBO,Donas 158 grs,158,20.37
BIM011108DJ5,BIMBO,Roles de canela 205 grs,205,23.15
BIM011108DJ5,BIMBO,Roles de canela 365 grs,365,37.96
BIM011108DJ5,BIMBO,Roles glaseados 205 grs,205,23.15
BIM011108DJ5,BIMBO,Roles de canela 180 grs,180,23.15
BIM011108DJ5,BIMBO,Panque de nuez 280 grs,280,37.04
BIM011108DJ5,BIMBO,Panque de pasas 280 grs,280,37.03
BIM011108DJ5,BIMBO,Donas azucaradas 158 grs,158,20.37
BIM011108DJ5,BIMBO,Donas azucaradas 120 grs,120,23.15
BIM011108DJ5,BIMBO,Donas espolvoreadas 140 grs,140,20.37
BIM011108DJ5,BIMBO,Conchas Bimbo 120 grs,120,18.52
BIM011108DJ5,BIMBO,Conchas Bimbo 106 grs,106,18.52
BIM011108DJ5,BIMBO,Panque mármol 280 grs,280,37.03
BIM011108DJ5,BIMBO,Panquecitos 140 grs,140,20.37
BIM011108DJ5,BIMBO,Mantecadas vainilla 188 grs ,188,27.77
BIM011108DJ5,BIMBO,Mantecadas de 62 grs,62,9.26
BIM011108DJ5,BIMBO,Mantecadas con nuez 184 grs,184,27.78
BIM011108DJ5,BIMBO,Mantecadas chispas chocolate 190 grs,190,27.78
BIM011108DJ5,BIMBO,Mantechox Bimbo 161 grs,161,22.22
BIM011108DJ5,BIMBO,Mantechox Bimbo 80 grs,80,11.11
BIM011108DJ5,BIMBO,Madalenas Bimbo 93 grs,93,19.44
BIM011108DJ5,BIMBO,Colchones 130 grs,130,15.74
BIM011108DJ5,BIMBO,Nito Bimbo 62 grs,62,13.89
BIM011108DJ5,BIMBO,Duo Nito 124 grs,124,23.15
BIM011108DJ5,BIMBO,Rebanadas Bimbo 30 grs,30,7.41
BIM011108DJ5,BIMBO,Rebanadas Bimbo 55 grs,55,9.26
BIM011108DJ5,BIMBO,Bimbuñuelos 99 grs,99,20.37
BIM011108DJ5,BIMBO,Doners Bimbo 120 grs,120,23.15
BIM011108DJ5,BIMBO,Litle Bites chispas 69 grs,69,13.89
BIM011108DJ5,BIMBO,Crosantines 96 grs,96,5.56
BIM011108DJ5,BIMBO,Crosantines 32 grs,32,6.48
BIM011108DJ5,BIMBO,Bran frut 58 grs,58,11.11
BIM011108DJ5,BIMBO,Choco roles 80 grs ,80,20.38
BIM011108DJ5,BIMBO,Submarinos 105 grs,105,18.52
BIM011108DJ5,BIMBO,Trikitrakes 85 grs,85,16.66
BIM011108DJ5,BIMBO,Trikitrakes Bites 80 grs,80,13.89
BIM011108DJ5,BIMBO,Gansito 50 grs,50,14.81
BIM011108DJ5,BIMBO,Gansito 24 grs,24,7.4
BIM011108DJ5,BIMBO,Polvorones 148 grs,148,18.52
BIM011108DJ5,BIMBO,Plativolos 90 grs,90,16.67
BIM011108DJ5,BIMBO,Lords Marinela 98 grs,98,12.04
BIM011108DJ5,BIMBO,Canelitas marinela 120 grs,120,18.52
BIM011108DJ5,BIMBO,Canelitas marinela 90 grs,90,18.52
BIM011108DJ5,BIMBO,Barritas fresa marinela 75 grs,75,14.81
BIM011108DJ5,BIMBO,Barritas piña marinela 75 grs,75,14.81
BIM011108DJ5,BIMBO,Barritas mora marinela 75 grs,75,14.81
BIM011108DJ5,BIMBO,MiniBarritas marinela 98 grs,98,17.59
BIM011108DJ5,BIMBO,Suavicremas fresa 112 grs,112,14.81
BIM011108DJ5,BIMBO,Suavicremas fresa 100 grs,100,14.81
BIM011108DJ5,BIMBO,Suavicremas fresa 90 grs,90,13.89
BIM011108DJ5,BIMBO,Tubo barritas 222 grs,222,29.63
BIM011108DJ5,BIMBO,Tubo canelitas 224 grs,224,29.63
BIM011108DJ5,BIMBO,Tubo trikitrakes 215 grs,215,29.63
BIM011108DJ5,BIMBO,Tubo polvorones 310 grs,310,28.7
BIM011108DJ5,BIMBO,Tubo principe 210 grs,210,29.63
BIM011108DJ5,BIMBO,Pastisetas 75 gr,75,24.07
BIM011108DJ5,BIMBO,Rocko 44 gr,44,9.26
BIM011108DJ5,BIMBO,Galletas principe 126 grs,126,18.52
BIM011108DJ5,BIMBO,Pay de piña 110 grs,110,23.15
BIM011108DJ5,BIMBO,Pay de nuez 96 grs,96,23.15
BIM011108DJ5,BIMBO,Sponch marinela 120 grs,120,19.44
BIM011108DJ5,BIMBO,Pinguinos 120 grs,120,25.93
BIM011108DJ5,BIMBO,Pinguinos 80 grs,80,19.44
BIM011108DJ5,BIMBO,Dalmata wonder 55 grs,55,13.89
BIM011108DJ5,BIMBO,Chocotorro 55 grs,55,
BIM011108DJ5,BIMBO,Rollos Marinela 75 grs,75,16.67
BIM011108DJ5,BIMBO,Rollos Marinela 159 grs,159,15.74
BIM011108DJ5,BIMBO,Napolitanos 140 grs,140,23.15
BIM011108DJ5,BIMBO,Duo Gansito Marinela 100 grs,100,23.15
BIM011108DJ5,BIMBO,Duo Barritas 110 grs,110,18.52
BIM011108DJ5,BIMBO,Duo Pay de Piña Marinela 125 grs,125,23.15
BAR011108CC6,BARCEL,Papas chips sal 62 grs,62,18.52
BAR011108CC6,BARCEL,Papas chips jalapeño 62 grs,62,18.52
BAR011108CC6,BARCEL,Papas chips jalapeño 57 grs,57,18.52
BAR011108CC6,BARCEL,Patatinas 31 grs,31,13.88
BAR011108CC6,BARCEL,Chips fuego 62 grs,62,18.52
BAR011108CC6,BARCEL,Chips fuego 57 grs,57,18.52
BAR011108CC6,BARCEL,Barcel chipotles 65 grs,65,14.81
BAR011108CC6,BARCEL,Barcel chipotles 80 grs,80,16.67
BAR011108CC6,BARCEL,Chips habanero 62 grs,62,18.52
BAR011108CC6,BARCEL,Papas Chips 170 grs,170,46.3
BAR011108CC6,BARCEL,Papas sal Barcel 45 grs,45,15.74
BAR011108CC6,BARCEL,Big Mix Barcel 75 grs,75,18.52
BAR011108CC6,BARCEL,Big Mix Barcel 80 grs,80,18.52
BAR011108CC6,BARCEL,Runers Barcel 72 grs,72,14.81
BAR011108CC6,BARCEL,Runers fuego 72 grs,72,14.81
BAR011108CC6,BARCEL,Runers mix 49,49,18.52
BAR011108CC6,BARCEL,Kiyakis Barcel 60 grs,60,13.89
BAR011108CC6,BARCEL,Kiyakis Barcel 80 grs,80,11.11
BAR011108CC6,BARCEL,Kiyakis Barcel 120 grs ,120,20.37
BAR011108CC6,BARCEL,Takis 70 GRS,70,14.81
BAR011108CC6,BARCEL,Takis Duo2 85 grs,85,18.52
BAR011108CC6,BARCEL,Takis guacamole 70 grs,70,14.81
BAR011108CC6,BARCEL,Takis fuego 70 grs,70,14.81
BAR011108CC6,BARCEL,Takis salsa brava 70 grs,70,14.81
BAR011108CC6,BARCEL,Takis Barcel 63 grs,63,14.81
BAR011108CC6,BARCEL,Takis Blue Barcel 70 grs,70,14.81
BAR011108CC6,BARCEL,Kiyakis salsabrosa 70 grs,70,14.81
BAR011108CC6,BARCEL,Golden nuts enchilados 125 grs,125,13.89
BAR011108CC6,BARCEL,Golden nuts salados 125 grs,125,20.37
BAR011108CC6,BARCEL,Golden Nuts 82 grs,82,13.89
BAR011108CC6,BARCEL,Golden Nuts 78 grs,78,13.89
BAR011108CC6,BARCEL,Cacahuates Hot Nut 75 grs,75,13.89
BAR011108CC6,BARCEL,Cacahuates Hot Nut 82 grs,82,13.89
BAR011108CC6,BARCEL,Cacahuates Hot Nut 125 grs,125,20.37
BAR011108CC6,BARCEL,Cacahuates Barcel 110 grs,110,18.52
BAR011108CC6,BARCEL,Papas toreadas Barcel 45 grs,45,14.81
BAR011108CC6,BARCEL,Palomitas akarameladas 45 grs,45,15.74
BAR011108CC6,BARCEL,Pepitas  Barcel 45 grs,45,13.89
BAR011108CC6,BARCEL,Cacahuates mafer 65 grs,65,11.11
PRO840423SG8,PROPIMEX,COCA 3 LITROS 49,3,42.24
EAM9412149L9,EMBOTELLADORA AGA DE MEXICO,Jarritos 2 litros ,2,18.97
CPM110719SG3,COMERCIALIZADORA PEPSICO MEXICO,Emperador  chocolate 115 grs,115,16.67
CPM110719SG3,COMERCIALIZADORA PEPSICO MEXICO,Emperador nuez 90 grs,90,16.67
CPM110719SG3,COMERCIALIZADORA PEPSICO MEXICO,Florentinas fresa 83grs,83,16.67
CPM110719SG3,COMERCIALIZADORA PEPSICO MEXICO,Cremax gamesa 99 grs,99,16.67
CPM110719SG3,COMERCIALIZADORA PEPSICO MEXICO,Fruits Gamesa 130 grs,130,20.37
CPM110719SG3,COMERCIALIZADORA PEPSICO MEXICO,Chicarrón de cerdo 30 grs,30,18
CPM110719SG3,COMERCIALIZADORA PEPSICO MEXICO,Rufles fuego 72 grs,72,16.67
CPM110719SG3,COMERCIALIZADORA PEPSICO MEXICO,Rufles Max 55 grs,55,18.52
CPM110719SG3,COMERCIALIZADORA PEPSICO MEXICO,Rufles mix 70 grs,70,18.52
CPM110719SG3,COMERCIALIZADORA PEPSICO MEXICO,Rufles salsa roja 48 grs,48,16.67
CPM110719SG3,COMERCIALIZADORA PEPSICO MEXICO,Rufles flamin hot 48 grs,48,16.67
CPM110719SG3,COMERCIALIZADORA PEPSICO MEXICO,Rufles salsa brava 48 grs,48,16.67
CPM110719SG3,COMERCIALIZADORA PEPSICO MEXICO,Rufles crujientes 45 grs,45,16.67
CPM110719SG3,COMERCIALIZADORA PEPSICO MEXICO,Rufles sal 48 grs,48,16.67
CPM110719SG3,COMERCIALIZADORA PEPSICO MEXICO,Rufles sal 52 grs,52,16.67
CPM110719SG3,COMERCIALIZADORA PEPSICO MEXICO,Rufles mega crunch 42 grs,42,13.89
CPM110719SG3,COMERCIALIZADORA PEPSICO MEXICO,Rufles original 52 grs,52,16.67
CPM110719SG3,COMERCIALIZADORA PEPSICO MEXICO,Cheetos pofps 44 grs,44,13.89
CPM110719SG3,COMERCIALIZADORA PEPSICO MEXICO,Cheetos Flamin hot 58 grs 15,58,13.89
CPM110719SG3,COMERCIALIZADORA PEPSICO MEXICO,Doritos pizzerolas 61 grs,61,16.67
CPM110719SG3,COMERCIALIZADORA PEPSICO MEXICO,Fritos sal 60 grs,60,14.81
CPM110719SG3,COMERCIALIZADORA PEPSICO MEXICO,Paketaxo botanero 70 grs,70,18.52
CPM110719SG3,COMERCIALIZADORA PEPSICO MEXICO,Paketaxo mezcladito 70 grs,70,18.52
CPM110719SG3,COMERCIALIZADORA PEPSICO MEXICO,Paketaxo queso     70 grs,70,18.52
CPM110719SG3,COMERCIALIZADORA PEPSICO MEXICO,Sabritas crema esp. 48 grs,48,16.67
CPM110719SG3,COMERCIALIZADORA PEPSICO MEXICO,Sabritas crujientes 57 grs,57,18.51
CPM110719SG3,COMERCIALIZADORA PEPSICO MEXICO,Sabritas crujientes 160 grs,160,16.67
CPM110719SG3,COMERCIALIZADORA PEPSICO MEXICO,Sabritas crujientes 42 grs,42,18.52
CPM110719SG3,COMERCIALIZADORA PEPSICO MEXICO,Bolsaza cheetos flamin hot 120 grs,120,23.15
CPM110719SG3,COMERCIALIZADORA PEPSICO MEXICO,Bolsaza sabritas sal 72 grs,72,23.15
CPM110719SG3,COMERCIALIZADORA PEPSICO MEXICO,Bolsaza rufles 66 grs,66,23.15
CPM110719SG3,COMERCIALIZADORA PEPSICO MEXICO,Bolsaza rufles queso 86 grs,86,23.15
CPM110719SG3,COMERCIALIZADORA PEPSICO MEXICO,Bolsaza Rufles 92 grs,92,23.15
CPM110719SG3,COMERCIALIZADORA PEPSICO MEXICO,Cacahuate karate 105 grs,105,16.67
CPM110719SG3,COMERCIALIZADORA PEPSICO MEXICO,Rufles queso 62 grs,62,16.67
CPM110719SG3,COMERCIALIZADORA PEPSICO MEXICO,Rufles queso 51 grs,51,16.67
CPM110719SG3,COMERCIALIZADORA PEPSICO MEXICO,Rufles Botanero 200 grs,200,51.85
SCG820209HP4,SERVICIO COMERCIAL GARIS,Clorox 1 litros,1,15.52
BIM011108DJ5,BIMBO,Bimbo integral 640  grs,640,50
BIM011108DJ5,BIMBO,Bimbo blanco 640 grs,640,47
BIM011108DJ5,BIMBO,Mantecadas vainilla 188 grs 30,188,27.77
BIM011108DJ5,BIMBO,Mantecadas con nuez 188 grs,188,26.85
BIM011108DJ5,BIMBO,Choco roles 80 grs 22,80,20.38
BIM011108DJ5,BIMBO,Trikitrakes 85 grs 18,85,16.66
BIM011108DJ5,BIMBO,Polvorones 110 grs,111,18.52
BIM011108DJ5,BIMBO,Pay de piña 96 grs,90,23.15
PRO840423SG8,PROPIMEX,Coca 400 ml  ,0.4,12.93
PRO840423SG8,PROPIMEX,Coca de 250 ml ,0.25,10.34
PRO840423SG8,PROPIMEX,Coca cola 2.5 Litros nr,2.5,35.34
PRO840423SG8,PROPIMEX,Limonada del valle 2 litros,2,23.28
PRO840423SG8,PROPIMEX,Naranjada del valle 600 ml,0.6,16.38
PRO840423SG8,PROPIMEX,Naranjada del valle 2 litros,2,23.28
CPM110719SG3,COMERCIALIZADORA PEPSICO MEXICO,Florentinas chocotella 83 grs,83,18.52
CPM110719SG3,COMERCIALIZADORA PEPSICO MEXICO,Ruffles flamin hot 40 grs,40,16.67
CPM110719SG3,COMERCIALIZADORA PEPSICO MEXICO,Doritos incognita 58 grs,58,16.67
CPM110719SG3,COMERCIALIZADORA PEPSICO MEXICO,Bolsaza Doritos Dinamita 120 grs,120,23.15
CPM110719SG3,COMERCIALIZADORA PEPSICO MEXICO,Ruffles original 48 grs,48,16.67
CPM110719SG3,COMERCIALIZADORA PEPSICO MEXICO,Doritos dinamita Heat Burst 58 grs,58,16.67
CPM110719SG3,COMERCIALIZADORA PEPSICO MEXICO,Doritos Heat Burst 58 grs,58,16.67
CPM110719SG3,COMERCIALIZADORA PEPSICO MEXICO,Paketaxo mezcladito 265 grs,265,51.85
CPM110719SG3,COMERCIALIZADORA PEPSICO MEXICO,Paketaxo queso 70 grs,70,18.52
CPM110719SG3,COMERCIALIZADORA PEPSICO MEXICO,Paketaxo queso 38 grs,38,9.26
CPM110719SG3,COMERCIALIZADORA PEPSICO MEXICO,Churrumais flamin 70 grs,70,
CPM110719SG3,COMERCIALIZADORA PEPSICO MEXICO,Bolsaza tostitos salsa verde 115 grs,115,23.15
CPM110719SG3,COMERCIALIZADORA PEPSICO MEXICO,Bolsaza cheetos torciditos 115 grs,115,23.15
CPM110719SG3,COMERCIALIZADORA PEPSICO MEXICO,Crujitos FH 40 grs,40,9.26
BIM011108DJ5,BIMBO,Conchas Bimbo 60 grs,60,9.26
BIM011108DJ5,BIMBO,Hotkis cajeta 38 grs,38,7.41
BIM011108DJ5,BIMBO,Crossantines 96 grs,96,5.56
BIM011108DJ5,BIMBO,Doraditas Tia Rosa 177 grs,177,15.74
BIM011108DJ5,BIMBO,Conchas Tia Rosa 130 grs,130,20.37
BIM011108DJ5,BIMBO,BIgotes Tia Rosa 80 grs,80,13.89
BIM011108DJ5,BIMBO,Polvorones 111 grs,111,18.52
BIM011108DJ5,BIMBO,Duo Twinky wonder vainilla 120 grs,120,17.59
BAR011108CC6,BARCEL,GoldenNuts Salados 78 grs,78,13.89
BAR011108CC6,BARCEL,Cacahuates Hot Nuts 75 grs,75,13.89
BAR011108CC6,BARCEL,Cacahuates Hot Nuts 82 grs,82,13.89
BAR011108CC6,BARCEL,Cacahuates Hot Nuts 115 grs,115,20.37
CPM110719SG3,COMERCIALIZADORA PEPSICO MEXICO,Cremax gamesa 90 grs,90,16.67
CPM110719SG3,COMERCIALIZADORA PEPSICO MEXICO,Rufles salsa negra 48 grs,48,13.89
CPM110719SG3,COMERCIALIZADORA PEPSICO MEXICO,Paketaxo botanero 215 grs,215,51.85
CPM110719SG3,COMERCIALIZADORA PEPSICO MEXICO,Bolsaza rufles  queso 81 grs,81,23.15
CPM110719SG3,COMERCIALIZADORA PEPSICO MEXICO,Bolsaza rufles queso 88 grs,88,23.15
CPM110719SG3,COMERCIALIZADORA PEPSICO MEXICO,Bolsaza rufles queso 92 grs,92,23.15
CPM110719SG3,COMERCIALIZADORA PEPSICO MEXICO,Rufles queso 52 grs,52,16.67
CPM110719SG3,COMERCIALIZADORA PEPSICO MEXICO,Rufles queso 48 grs,48,16.67
CPM110719SG3,COMERCIALIZADORA PEPSICO MEXICO,Crujitos 42 grs,42,14.81
PRO840423SG8,PROPIMEX,Coca cola vidrio 500 ml ,0.5,12.93
XAXX010101000,PUBLICO EN GENERAL,Sangría casera 600 ml,0.6,12.07
XAXX010101000,PUBLICO EN GENERAL,Sangría casera 3 L,3,30.18
CPM110719SG3,COMERCIALIZADORA PEPSICO MEXICO,Bolsaza Doritos nachos 100 grs,100,23.15
CPM110719SG3,COMERCIALIZADORA PEPSICO MEXICO,Doritos diablo 61 grs,61,16.67
CPM110719SG3,COMERCIALIZADORA PEPSICO MEXICO,Paketaxo queso  81 grs,81,18.52
CPM110719SG3,COMERCIALIZADORA PEPSICO MEXICO,Paketaxo Dark 44 grs,44,9.26
CPM110719SG3,COMERCIALIZADORA PEPSICO MEXICO,Sabritas adobadas 42 grs,42,16.67
CPM110719SG3,COMERCIALIZADORA PEPSICO MEXICO,Sabritas habanero 44 grs,44,18.52
CPM110719SG3,COMERCIALIZADORA PEPSICO MEXICO,Bolsaza cheetos flamin hot 58 grs,58,23.15
BIM011108DJ5,BIMBO,Bimbo integral chico 300  grs,300,28
BIM011108DJ5,BIMBO,Panquecito gota chocolate 140 grs,140,20.37
BIM011108DJ5,BIMBO,Doraditas Tia Rosa 127 grs,127,14.81
BIM011108DJ5,BIMBO,Doraditas Tia Rosa de Nuez 127 grs,127,14.81
BIM011108DJ5,BIMBO,MiniBarritas marinela 222 grs,222,29.63
BIM011108DJ5,BIMBO,Maxi tubo trikitrakes 215 grs,215,29.63
BIM011108DJ5,BIMBO,Principe 126 grs,126,20.37
BIM011108DJ5,BIMBO,Duo Pay de nuez Marinela 125 grs,125,23.15
BIM011108DJ5,BIMBO,Deliciosas Lara  vainilla 230 grs,230,25
BAR011108CC6,BARCEL,Papas adobadas Barcel 45 grs,45,14.81
BAR011108CC6,BARCEL,Runners Barcel 72 grs,72,14.81
BAR011108CC6,BARCEL,Runners fuego 72 grs,72,14.81
BAR011108CC6,BARCEL,Runners Blue 72 grs,72,14.81
BAR011108CC6,BARCEL,Runners mix 49,49,18.52
BAR011108CC6,BARCEL,Golden Nuts enchilados 78 grs,78,13.89
BAR011108CC6,BARCEL,Palomitas karameladas 45 grs,45,15.74
BAR011108CC6,BARCEL,Palomitas karameladas 110 grs,110,15.74
